date,gold_usd,tips_real_rate,fed_rate,cpi_index,cpi_yoy,spx,oil_wti,dxy,real_rate_simple,gold_mom_pct,gold_yoy_pct,in_core_range,gold_usd_norm,tips_real_rate_norm,spx_norm,oil_wti_norm,dxy_norm,cpi_yoy_norm,fed_rate_norm
2004-01,402.57,1.888,1.0,186.3,,1131.13,34.31,86.441,,,,True,0.0036,0.747,0.061,0.1514,0.3597,,0.1799
2004-02,396.45,1.762,1.01,186.7,,1144.94,34.69,86.348,,-1.52,,True,0.0021,0.7152,0.0631,0.1546,0.3573,,0.1818
2004-03,426.62,1.465,1.0,187.1,,1126.21,36.74,88.458,,7.61,,True,0.0094,0.64,0.0602,0.1721,0.4103,,0.1799
2004-04,387.6,1.903,1.0,187.4,,1107.3,36.75,89.836,,-9.15,,True,0.0,0.7508,0.0573,0.1722,0.4449,,0.1799
2004-05,395.5,2.09,1.0,188.2,,1120.68,40.28,90.549,,2.04,,True,0.0019,0.7981,0.0594,0.2023,0.4628,,0.1799
2004-06,394.38,2.146,1.03,188.9,,1140.84,38.03,89.155,,-0.28,,True,0.0016,0.8123,0.0625,0.1831,0.4278,,0.1856
2004-07,391.25,2.024,1.26,189.1,,1101.72,40.78,88.336,,-0.79,,True,0.0009,0.7814,0.0564,0.2065,0.4072,,0.2292
2004-08,409.82,1.86,1.43,189.2,,1104.24,44.9,88.876,,4.75,,True,0.0054,0.7399,0.0568,0.2416,0.4208,,0.2614
2004-09,418.25,1.799,1.61,189.8,,1114.58,45.94,88.655,,2.06,,True,0.0074,0.7245,0.0584,0.2505,0.4153,,0.2955
2004-10,428.52,1.729,1.76,190.8,,1130.2,53.28,86.878,,2.46,,True,0.0099,0.7068,0.0608,0.313,0.3706,,0.3239
2004-11,450.88,1.676,1.93,191.7,,1173.82,48.47,83.598,,5.22,,True,0.0153,0.6934,0.0675,0.2721,0.2883,,0.3561
2004-12,438.45,1.669,2.16,191.7,,1211.92,43.15,81.569,,-2.76,,True,0.0123,0.6916,0.0734,0.2267,0.2373,,0.3996
2005-01,422.62,1.724,2.28,191.6,2.84,1181.27,46.84,83.112,-0.56,-3.61,4.98,True,0.0085,0.7055,0.0687,0.2582,0.2761,0.4388,0.4223
2005-02,435.62,1.631,2.5,192.4,3.05,1203.6,48.15,83.724,-0.55,3.08,9.88,True,0.0116,0.682,0.0721,0.2693,0.2914,0.458,0.464
2005-03,428.45,1.787,2.63,193.1,3.21,1180.59,54.19,82.836,-0.58,-1.65,0.43,True,0.0099,0.7215,0.0686,0.3208,0.2692,0.4726,0.4886
2005-04,434.88,1.706,2.79,193.7,3.36,1156.85,52.98,84.267,-0.57,1.5,12.2,True,0.0114,0.701,0.0649,0.3105,0.3051,0.4863,0.5189
2005-05,417.35,1.653,3.0,193.6,2.87,1191.5,49.83,85.628,0.13,-4.03,5.52,True,0.0072,0.6876,0.0703,0.2836,0.3393,0.4415,0.5587
2005-06,435.25,1.675,3.04,193.7,2.54,1191.33,56.35,88.442,0.5,4.29,10.36,True,0.0115,0.6931,0.0702,0.3392,0.4099,0.4113,0.5663
2005-07,430.2,1.876,3.26,194.9,3.07,1234.18,59.0,89.697,0.19,-1.16,9.96,True,0.0103,0.744,0.0768,0.3618,0.4414,0.4598,0.608
2005-08,435.25,1.889,3.5,196.1,3.65,1220.33,64.99,87.941,-0.15,1.17,6.21,True,0.0115,0.7473,0.0747,0.4129,0.3973,0.5128,0.6534
2005-09,469.15,1.699,3.62,198.8,4.74,1228.81,65.59,88.08,-1.12,7.79,12.17,True,0.0197,0.6992,0.076,0.418,0.4008,0.6124,0.6761
2005-10,465.2,1.943,3.78,199.1,4.35,1207.01,62.26,89.722,-0.57,-0.84,8.56,True,0.0187,0.7609,0.0727,0.3896,0.442,0.5768,0.7064
2005-11,493.85,2.064,4.0,198.1,3.34,1249.48,58.32,91.492,0.66,6.16,9.53,True,0.0257,0.7916,0.0792,0.356,0.4865,0.4845,0.7481
2005-12,517.6,2.123,4.16,198.1,3.34,1248.29,59.41,90.916,0.82,4.81,18.05,True,0.0314,0.8065,0.079,0.3653,0.472,0.4845,0.7784
2006-01,549.45,2.006,4.29,199.3,4.02,1280.08,65.49,89.031,0.27,6.15,30.01,True,0.0391,0.7769,0.0839,0.4171,0.4247,0.5466,0.803
2006-02,534.95,2.049,4.49,199.4,3.64,1280.66,61.63,90.353,0.85,-2.64,22.8,True,0.0356,0.7878,0.084,0.3842,0.4579,0.5119,0.8409
2006-03,534.05,2.197,4.59,199.7,3.42,1294.87,62.69,89.967,1.17,-0.17,24.65,True,0.0354,0.8252,0.0862,0.3932,0.4482,0.4918,0.8598
2006-04,582.3,2.409,4.79,200.7,3.61,1310.61,69.44,88.409,1.18,9.03,33.9,True,0.047,0.8788,0.0886,0.4508,0.4091,0.5091,0.8977
2006-05,636.6,2.446,4.94,201.3,3.98,1270.09,70.84,84.857,0.96,9.33,52.53,True,0.0602,0.8882,0.0824,0.4627,0.3199,0.543,0.9261
2006-06,543.5,2.53,4.99,201.8,4.18,1270.2,70.95,85.766,0.81,-14.62,24.87,True,0.0377,0.9094,0.0824,0.4636,0.3427,0.5612,0.9356
2006-07,601.98,2.507,5.24,202.9,4.1,1276.66,74.41,85.893,1.14,10.76,39.93,True,0.0518,0.9036,0.0834,0.4931,0.3459,0.5539,0.983
2006-08,607.3,2.291,5.25,203.8,3.93,1303.82,73.04,85.045,1.32,0.88,39.53,True,0.0531,0.849,0.0876,0.4815,0.3246,0.5384,0.9848
2006-09,571.7,2.32,5.25,202.8,2.01,1335.85,63.8,85.604,3.24,-5.86,21.86,True,0.0445,0.8563,0.0925,0.4027,0.3386,0.3629,0.9848
2006-10,559.9,2.411,5.25,201.9,1.41,1377.94,58.89,86.343,3.84,-2.06,20.36,True,0.0416,0.8793,0.099,0.3609,0.3572,0.308,0.9848
2006-11,605.7,2.292,5.25,202.0,1.97,1400.63,59.08,84.845,3.28,8.18,22.65,True,0.0527,0.8492,0.1025,0.3625,0.3196,0.3592,0.9848
2006-12,611.8,2.25,5.24,203.1,2.52,1418.3,61.96,83.355,2.72,1.01,18.2,True,0.0542,0.8386,0.1052,0.387,0.2822,0.4095,0.983
2007-01,602.2,2.437,5.25,203.437,2.08,1438.24,54.51,84.78,3.17,-1.57,9.6,True,0.0519,0.8859,0.1083,0.3235,0.318,0.3693,0.9848
2007-02,643.15,2.361,5.26,204.226,2.42,1406.82,59.28,84.406,2.84,6.8,20.23,True,0.0617,0.8667,0.1034,0.3642,0.3086,0.4004,0.9867
2007-03,632.8,2.177,5.26,205.288,2.8,1420.86,60.44,83.484,2.46,-1.61,18.49,True,0.0592,0.8201,0.1056,0.3741,0.2854,0.4351,0.9867
2007-04,656.45,2.256,5.25,205.904,2.59,1482.37,63.98,82.19,2.66,3.74,12.73,True,0.065,0.8401,0.1151,0.4042,0.2529,0.4159,0.9848
2007-05,652.05,2.374,5.25,206.755,2.71,1530.62,63.46,82.11,2.54,-0.67,2.43,True,0.0639,0.87,0.1225,0.3998,0.2509,0.4269,0.9848
2007-06,639.65,2.691,5.25,207.234,2.69,1503.35,67.49,82.467,2.56,-1.9,17.69,True,0.0609,0.9502,0.1183,0.4342,0.2599,0.425,0.9848
2007-07,645.5,2.637,5.26,207.603,2.32,1455.27,74.12,80.78,2.94,0.91,7.23,True,0.0623,0.9365,0.1109,0.4907,0.2175,0.3912,0.9867
2007-08,641.5,2.438,5.02,207.667,1.9,1473.99,72.36,80.935,3.12,-0.62,5.63,True,0.0613,0.8862,0.1138,0.4757,0.2214,0.3528,0.9413
2007-09,671.4,2.257,4.94,208.547,2.83,1526.75,79.92,79.302,2.11,4.66,17.44,True,0.0686,0.8404,0.1219,0.5401,0.1804,0.4378,0.9261
2007-10,721.1,2.202,4.76,209.19,3.61,1549.38,85.8,77.848,1.15,7.4,28.79,True,0.0806,0.8265,0.1254,0.5902,0.1439,0.5091,0.892
2007-11,773.0,1.768,4.49,210.834,4.37,1481.14,94.77,75.668,0.12,7.2,27.62,True,0.0931,0.7167,0.1149,0.6667,0.0892,0.5786,0.8409
2007-12,777.4,1.789,4.24,211.445,4.11,1468.36,91.69,76.764,0.13,0.57,27.07,True,0.0942,0.722,0.1129,0.6404,0.1167,0.5548,0.7936
2008-01,833.83,1.469,3.94,212.174,4.29,1378.55,92.97,75.949,-0.35,7.26,38.46,True,0.1078,0.641,0.0991,0.6513,0.0962,0.5713,0.7367
2008-02,885.67,1.405,2.98,212.687,4.14,1330.63,95.39,75.698,-1.16,6.22,37.71,True,0.1203,0.6248,0.0917,0.672,0.0899,0.5576,0.5549
2008-03,905.05,1.091,2.61,213.448,3.97,1322.7,105.45,72.453,-1.36,2.19,43.02,True,0.125,0.5454,0.0905,0.7577,0.0085,0.542,0.4848
2008-04,863.3,1.362,2.28,213.942,3.9,1385.59,112.58,72.116,-1.62,-4.61,31.51,True,0.1149,0.614,0.1002,0.8185,0.0,0.5356,0.4223
2008-05,846.0,1.46,1.98,215.208,4.09,1400.38,125.4,72.867,-2.11,-2.0,29.74,True,0.1108,0.6388,0.1024,0.9277,0.0189,0.553,0.3655
2008-06,857.8,1.629,2.0,217.463,4.94,1280.0,133.88,73.18,-2.94,1.39,34.1,True,0.1136,0.6815,0.0839,1.0,0.0267,0.6307,0.3693
2008-07,894.5,1.569,2.01,219.016,5.5,1267.38,133.37,72.546,-3.49,4.28,38.57,True,0.1225,0.6663,0.082,0.9957,0.0108,0.6819,0.3712
2008-08,774.9,1.676,2.0,218.69,5.31,1282.83,116.67,76.06,-3.31,-13.37,20.8,True,0.0936,0.6934,0.0843,0.8533,0.099,0.6645,0.3693
2008-09,738.0,1.85,1.81,218.877,4.95,1166.36,104.11,78.263,-3.14,-4.76,9.92,True,0.0847,0.7374,0.0664,0.7463,0.1543,0.6316,0.3333
2008-10,682.8,2.752,0.97,216.995,3.73,968.75,76.61,83.111,-2.76,-7.48,-5.31,True,0.0713,0.9656,0.036,0.5119,0.2761,0.5201,0.1742
2008-11,702.25,2.888,0.39,213.153,1.1,896.24,57.31,86.392,-0.71,2.85,-9.15,True,0.076,1.0,0.0248,0.3474,0.3584,0.2797,0.0644
2008-12,742.4,2.17,0.16,211.398,-0.02,903.25,41.12,82.973,0.18,5.72,-4.5,True,0.0857,0.8184,0.0259,0.2094,0.2726,0.1773,0.0208
2009-01,802.65,1.912,0.15,211.933,-0.11,825.88,41.71,83.964,0.26,8.12,-3.74,True,0.1003,0.7531,0.014,0.2144,0.2975,0.1691,0.0189
2009-02,888.0,1.752,0.22,212.705,0.01,735.09,39.09,86.54,0.21,10.63,0.26,True,0.1209,0.7126,0.0,0.1921,0.3621,0.1801,0.0322
2009-03,883.9,1.709,0.18,212.495,-0.45,797.87,47.94,86.411,0.63,-0.46,-2.34,True,0.1199,0.7017,0.0097,0.2675,0.3589,0.138,0.0246
2009-04,865.0,1.568,0.15,212.709,-0.58,872.81,49.65,85.255,0.73,-2.14,0.2,True,0.1153,0.6661,0.0212,0.2821,0.3299,0.1261,0.0189
2009-05,880.55,1.717,0.18,213.022,-1.02,919.14,59.03,82.035,1.2,1.8,4.08,True,0.1191,0.7038,0.0283,0.3621,0.249,0.0859,0.0246
2009-06,913.9,1.862,0.21,214.79,-1.23,919.32,69.64,80.116,1.44,3.79,6.54,True,0.1272,0.7405,0.0284,0.4525,0.2009,0.0667,0.0303
2009-07,906.0,1.823,0.16,214.726,-1.96,987.48,64.15,79.527,2.12,-0.86,1.29,True,0.1253,0.7306,0.0389,0.4057,0.1861,0.0,0.0208
2009-08,931.2,1.774,0.16,215.445,-1.48,1020.62,71.05,78.448,1.64,2.78,20.17,True,0.1313,0.7182,0.044,0.4645,0.159,0.0439,0.0208
2009-09,947.0,1.642,0.15,215.861,-1.38,1057.08,69.41,77.053,1.53,1.7,28.32,True,0.1352,0.6848,0.0496,0.4505,0.124,0.053,0.0189
2009-10,986.7,1.483,0.12,216.509,-0.22,1036.19,75.72,76.01,0.34,4.19,44.51,True,0.1448,0.6446,0.0464,0.5043,0.0978,0.159,0.0133
2009-11,1040.65,1.275,0.12,217.234,1.91,1095.63,77.99,75.308,-1.79,5.47,48.19,True,0.1578,0.592,0.0555,0.5237,0.0801,0.3537,0.0133
2009-12,1074.6,1.365,0.12,217.347,2.81,1115.1,74.47,76.827,-2.69,3.26,44.75,True,0.166,0.6147,0.0585,0.4937,0.1183,0.436,0.0133
2010-01,1074.25,1.375,0.11,217.488,2.62,1073.87,78.33,77.801,-2.51,-0.03,33.84,True,0.1659,0.6173,0.0522,0.5265,0.1427,0.4186,0.0114
2010-02,1044.15,1.419,0.13,217.281,2.15,1104.49,76.39,80.164,-2.02,-2.8,17.58,True,0.1586,0.6284,0.0569,0.51,0.2021,0.3757,0.0152
2010-03,1085.85,1.508,0.16,217.353,2.29,1169.43,81.2,80.671,-2.13,3.99,22.85,True,0.1687,0.6509,0.0669,0.551,0.2148,0.3885,0.0208
2010-04,1112.35,1.501,0.2,217.403,2.21,1186.69,84.29,81.235,-2.01,2.44,28.6,True,0.1751,0.6491,0.0695,0.5773,0.229,0.3812,0.0284
2010-05,1157.7,1.307,0.2,217.29,2.0,1089.41,73.74,85.419,-1.8,4.08,31.47,True,0.1861,0.6001,0.0546,0.4874,0.334,0.362,0.0284
2010-06,1197.65,1.257,0.18,217.199,1.12,1030.71,75.34,86.575,-0.94,3.45,31.05,True,0.1957,0.5874,0.0455,0.5011,0.363,0.2815,0.0246
2010-07,1157.4,1.241,0.18,217.605,1.34,1101.6,76.32,83.14,-1.16,-3.36,27.75,True,0.186,0.5834,0.0564,0.5094,0.2768,0.3016,0.0246
2010-08,1176.5,1.022,0.19,217.923,1.15,1049.33,76.6,82.15,-0.96,1.65,26.34,True,0.1906,0.528,0.0484,0.5118,0.2519,0.2843,0.0265
2010-09,1236.7,0.909,0.19,218.275,1.12,1141.2,75.24,81.08,-0.93,5.12,30.59,True,0.2052,0.4994,0.0625,0.5002,0.2251,0.2815,0.0265
2010-10,1306.1,0.525,0.19,219.035,1.17,1183.26,81.89,77.46,-0.98,5.61,32.37,True,0.2219,0.4022,0.069,0.5569,0.1342,0.2861,0.0265
2010-11,1324.04,0.666,0.19,219.59,1.08,1180.55,84.25,78.443,-0.89,1.37,27.23,True,0.2263,0.4379,0.0686,0.577,0.1589,0.2779,0.0265
2010-12,1363.35,1.044,0.18,220.472,1.44,1257.64,89.15,80.069,-1.26,2.97,26.87,True,0.2358,0.5335,0.0805,0.6188,0.1997,0.3108,0.0246
2011-01,1308.38,1.06,0.17,221.187,1.7,1286.12,89.17,79.155,-1.53,-4.03,21.79,True,0.2225,0.5376,0.0848,0.6189,0.1767,0.3346,0.0227
2011-02,1325.14,1.238,0.16,221.898,2.12,1327.22,88.58,77.778,-1.96,1.28,26.91,True,0.2265,0.5826,0.0912,0.6139,0.1422,0.3729,0.0208
2011-03,1382.9,0.964,0.14,223.046,2.62,1325.83,102.86,76.289,-2.48,4.36,27.36,True,0.2405,0.5133,0.091,0.7356,0.1048,0.4186,0.017
2011-04,1414.55,0.863,0.1,224.093,3.08,1363.61,109.53,74.69,-2.98,2.29,27.17,True,0.2481,0.4877,0.0968,0.7925,0.0646,0.4607,0.0095
2011-05,1464.4,0.779,0.09,224.806,3.46,1345.2,100.9,74.943,-3.37,3.52,26.49,True,0.2602,0.4665,0.0939,0.7189,0.071,0.4954,0.0076
2011-06,1490.8,0.755,0.09,224.806,3.5,1320.64,96.26,74.694,-3.41,1.8,24.48,True,0.2666,0.4604,0.0902,0.6794,0.0647,0.4991,0.0076
2011-07,1478.51,0.624,0.07,225.395,3.58,1292.28,97.3,74.734,-3.51,-0.82,27.74,True,0.2636,0.4273,0.0858,0.6882,0.0657,0.5064,0.0038
2011-08,1608.19,0.135,0.1,226.106,3.75,1218.89,86.33,74.238,-3.65,8.77,36.69,True,0.2949,0.3036,0.0745,0.5947,0.0533,0.5219,0.0095
2011-09,1534.99,0.078,0.08,226.597,3.81,1131.42,85.52,76.915,-3.73,-4.55,24.12,True,0.2772,0.2891,0.061,0.5878,0.1205,0.5274,0.0057
2011-10,1597.14,0.186,0.07,226.75,3.52,1253.3,86.32,77.156,-3.45,4.05,22.28,True,0.2922,0.3165,0.0798,0.5946,0.1265,0.5009,0.0038
2011-11,1666.48,0.001,0.08,227.169,3.45,1246.96,97.16,77.957,-3.37,4.34,25.86,True,0.309,0.2697,0.0788,0.687,0.1467,0.4945,0.0057
2011-12,1522.44,-0.031,0.07,227.223,3.06,1257.6,98.56,79.629,-2.99,-8.64,11.67,True,0.2742,0.2616,0.0804,0.699,0.1886,0.4589,0.0038
2012-01,1564.91,-0.108,0.08,227.842,3.01,1312.41,100.27,80.334,-2.93,2.79,19.61,True,0.2845,0.2421,0.0889,0.7135,0.2063,0.4543,0.0057
2012-02,1688.49,-0.254,0.1,228.329,2.9,1365.68,102.2,78.953,-2.8,7.9,27.42,True,0.3143,0.2052,0.0971,0.73,0.1717,0.4442,0.0095
2012-03,1628.29,-0.141,0.13,228.807,2.58,1408.47,106.16,79.559,-2.45,-3.57,17.74,True,0.2998,0.2337,0.1037,0.7637,0.1869,0.415,0.0152
2012-04,1612.28,-0.214,0.14,229.187,2.27,1397.91,103.32,79.43,-2.13,-0.98,13.98,True,0.2959,0.2153,0.1021,0.7395,0.1836,0.3867,0.017
2012-05,1529.0,-0.341,0.16,228.713,1.74,1310.33,94.66,80.988,-1.58,-5.17,4.41,True,0.2758,0.1832,0.0886,0.6657,0.2228,0.3382,0.0208
2012-06,1545.09,-0.5,0.16,228.524,1.65,1362.16,82.3,82.246,-1.49,1.05,3.64,True,0.2797,0.1429,0.0965,0.5604,0.2543,0.33,0.0208
2012-07,1554.95,-0.602,0.16,228.59,1.42,1379.32,87.9,83.023,-1.26,0.64,5.17,True,0.2821,0.1171,0.0992,0.6081,0.2738,0.309,0.0208
2012-08,1585.1,-0.586,0.13,229.918,1.69,1406.58,94.13,82.16,-1.56,1.94,-1.44,True,0.2893,0.1212,0.1034,0.6612,0.2522,0.3336,0.0152
2012-09,1685.62,-0.713,0.14,231.015,1.95,1440.67,94.51,79.876,-1.81,6.34,9.81,True,0.3136,0.089,0.1086,0.6645,0.1948,0.3574,0.017
2012-10,1698.89,-0.749,0.16,231.638,2.16,1412.16,89.49,79.738,-2.0,0.79,6.37,True,0.3168,0.0799,0.1042,0.6217,0.1914,0.3766,0.0208
2012-11,1672.74,-0.772,0.16,231.249,1.8,1416.18,86.53,80.696,-1.64,-1.54,0.38,True,0.3105,0.0741,0.1049,0.5964,0.2154,0.3437,0.0208
2012-12,1635.61,-0.758,0.16,231.221,1.76,1426.19,87.86,79.749,-1.6,-2.22,7.43,True,0.3015,0.0777,0.1064,0.6078,0.1916,0.34,0.0208
2013-01,1626.4,-0.609,0.14,231.679,1.68,1498.11,94.76,79.871,-1.54,-0.56,3.93,True,0.2993,0.1154,0.1175,0.6666,0.1947,0.3327,0.017
2013-02,1555.1,-0.571,0.15,232.937,2.02,1514.68,95.31,80.602,-1.87,-4.38,-7.9,True,0.2821,0.125,0.12,0.6713,0.2131,0.3638,0.0189
2013-03,1561.18,-0.585,0.14,232.282,1.52,1569.19,92.94,82.641,-1.38,0.39,-4.12,True,0.2836,0.1214,0.1284,0.6511,0.2643,0.3181,0.017
2013-04,1321.89,-0.652,0.15,231.797,1.14,1597.57,92.02,82.524,-0.99,-15.33,-18.01,True,0.2257,0.1045,0.1328,0.6432,0.2613,0.2834,0.0189
2013-05,1339.58,-0.355,0.11,231.893,1.39,1630.74,94.51,83.215,-1.28,1.34,-12.39,True,0.23,0.1796,0.1379,0.6645,0.2787,0.3062,0.0114
2013-06,1181.09,0.252,0.09,232.445,1.72,1606.28,95.77,81.874,-1.63,-11.83,-23.56,True,0.1917,0.3332,0.1341,0.6752,0.245,0.3364,0.0076
2013-07,1207.88,0.46,0.09,232.9,1.89,1685.73,104.67,82.815,-1.8,2.27,-22.32,True,0.1982,0.3858,0.1464,0.751,0.2686,0.3519,0.0076
2013-08,1273.25,0.553,0.08,233.456,1.54,1632.97,106.57,81.483,-1.46,5.41,-19.67,True,0.214,0.4093,0.1382,0.7672,0.2352,0.3199,0.0057
2013-09,1291.83,0.664,0.08,233.544,1.09,1681.55,106.29,81.206,-1.01,1.46,-23.36,True,0.2185,0.4374,0.1457,0.7649,0.2282,0.2788,0.0057
2013-10,1252.05,0.429,0.09,233.669,0.88,1756.54,100.54,79.871,-0.79,-3.08,-26.3,True,0.2089,0.3779,0.1573,0.7158,0.1947,0.2596,0.0076
2013-11,1227.86,0.548,0.08,234.1,1.23,1805.81,93.86,80.845,-1.15,-1.93,-26.6,True,0.203,0.408,0.1649,0.6589,0.2192,0.2916,0.0057
2013-12,1184.75,0.739,0.09,234.719,1.51,1848.36,97.63,80.323,-1.42,-3.51,-27.57,True,0.1926,0.4564,0.1714,0.691,0.2061,0.3172,0.0076
2014-01,1199.29,0.632,0.07,235.288,1.56,1782.59,94.62,80.796,-1.49,1.23,-26.26,True,0.1961,0.4293,0.1613,0.6654,0.2179,0.3218,0.0038
2014-02,1240.62,0.552,0.07,235.547,1.12,1859.45,100.82,80.438,-1.05,3.45,-20.22,True,0.2061,0.4091,0.1731,0.7182,0.2089,0.2815,0.0038
2014-03,1282.54,0.556,0.08,236.028,1.61,1872.34,100.8,79.872,-1.53,3.38,-17.85,True,0.2162,0.4101,0.1751,0.7181,0.1947,0.3263,0.0057
2014-04,1268.52,0.543,0.09,236.468,2.02,1883.95,102.07,79.85,-1.93,-1.09,-4.04,True,0.2128,0.4068,0.1769,0.7289,0.1942,0.3638,0.0076
2014-05,1242.24,0.368,0.09,236.918,2.17,1923.57,102.18,79.962,-2.08,-2.07,-7.27,True,0.2065,0.3625,0.183,0.7298,0.197,0.3775,0.0076
2014-06,1240.95,0.37,0.1,237.231,2.06,1960.23,105.79,80.44,-1.96,-0.1,5.07,True,0.2062,0.363,0.1886,0.7606,0.209,0.3675,0.0095
2014-07,1281.06,0.28,0.09,237.498,1.97,1930.67,103.59,80.535,-1.88,3.23,6.06,True,0.2159,0.3402,0.1841,0.7418,0.2114,0.3592,0.0076
2014-08,1273.41,0.224,0.09,237.46,1.72,2003.37,96.54,81.857,-1.63,-0.6,0.01,True,0.214,0.3261,0.1953,0.6818,0.2446,0.3364,0.0076
2014-09,1204.65,0.461,0.09,237.477,1.68,1972.29,93.21,84.365,-1.59,-5.4,-6.75,True,0.1974,0.386,0.1905,0.6534,0.3075,0.3327,0.0076
2014-10,1161.53,0.384,0.09,237.43,1.61,2018.05,84.4,85.68,-1.52,-3.58,-7.23,True,0.187,0.3666,0.1975,0.5783,0.3406,0.3263,0.0076
2014-11,1132.13,0.446,0.09,236.983,1.23,2067.56,75.79,87.722,-1.14,-2.53,-7.8,True,0.1799,0.3822,0.2052,0.5049,0.3918,0.2916,0.0076
2014-12,1143.16,0.51,0.12,236.252,0.65,2058.9,59.29,89.191,-0.53,0.97,-3.51,True,0.1826,0.3984,0.2038,0.3643,0.4287,0.2386,0.0133
2015-01,1168.75,0.274,0.11,234.747,-0.23,1994.99,47.22,92.815,0.34,2.24,-2.55,True,0.1887,0.3387,0.194,0.2614,0.5197,0.1581,0.0114
2015-02,1191.16,0.26,0.11,235.342,-0.09,2104.5,50.58,94.453,0.2,1.92,-3.99,True,0.1942,0.3352,0.2108,0.29,0.5608,0.1709,0.0114
2015-03,1143.18,0.281,0.11,235.976,-0.02,2067.89,47.82,97.897,0.13,-4.03,-10.87,True,0.1826,0.3405,0.2052,0.2665,0.6473,0.1773,0.0114
2015-04,1175.26,0.077,0.12,236.222,-0.1,2085.51,54.45,97.52,0.22,2.81,-7.35,True,0.1903,0.2889,0.2079,0.323,0.6378,0.17,0.0133
2015-05,1170.64,0.332,0.12,237.001,0.04,2107.39,59.27,95.238,0.08,-0.39,-5.76,True,0.1892,0.3534,0.2113,0.3641,0.5805,0.1828,0.0133
2015-06,1162.84,0.498,0.13,237.657,0.18,2063.11,59.82,95.169,-0.05,-0.67,-6.29,True,0.1873,0.3954,0.2045,0.3688,0.5788,0.1956,0.0152
2015-07,1077.45,0.504,0.13,238.034,0.23,2103.84,50.9,96.925,-0.1,-7.34,-15.89,True,0.1667,0.3969,0.2107,0.2928,0.6229,0.2002,0.0152
2015-08,1081.0,0.556,0.14,238.033,0.24,1972.18,42.87,96.388,-0.1,0.33,-15.11,True,0.1675,0.4101,0.1905,0.2243,0.6094,0.2011,0.017
2015-09,1098.75,0.65,0.14,237.498,0.01,1920.03,45.48,95.815,0.13,1.64,-8.79,True,0.1718,0.4338,0.1824,0.2466,0.595,0.1801,0.017
2015-10,1104.72,0.571,0.12,237.733,0.13,2079.36,46.22,95.719,-0.01,0.54,-4.89,True,0.1733,0.4139,0.207,0.2529,0.5926,0.191,0.0133
2015-11,1052.84,0.693,0.12,238.017,0.44,2080.41,42.44,99.07,-0.32,-4.7,-7.0,True,0.1607,0.4447,0.2071,0.2207,0.6767,0.2194,0.0133
2015-12,1046.22,0.728,0.24,237.761,0.64,2043.94,37.19,98.313,-0.4,-0.63,-8.48,True,0.1591,0.4536,0.2015,0.1759,0.6577,0.2377,0.036
2016-01,1060.74,0.665,0.34,237.652,1.24,1940.24,31.68,98.996,-0.9,1.39,-9.24,True,0.1626,0.4376,0.1855,0.129,0.6749,0.2925,0.0549
2016-02,1116.24,0.472,0.38,237.336,0.85,1932.23,30.32,97.041,-0.47,5.23,-6.29,True,0.1761,0.3888,0.1843,0.1174,0.6258,0.2569,0.0625
2016-03,1208.55,0.337,0.36,238.08,0.89,2059.74,37.55,96.26,-0.53,8.27,5.72,True,0.1984,0.3547,0.2039,0.179,0.6062,0.2605,0.0587
2016-04,1209.0,0.19,0.37,238.992,1.17,2065.3,40.75,94.403,-0.8,0.04,2.87,True,0.1985,0.3175,0.2048,0.2063,0.5596,0.2861,0.0606
2016-05,1199.88,0.212,0.37,239.557,1.08,2096.96,46.71,94.568,-0.71,-0.75,2.5,True,0.1963,0.323,0.2097,0.2571,0.5637,0.2779,0.0606
2016-06,1206.02,0.174,0.38,240.222,1.08,2098.86,48.76,94.663,-0.7,0.51,3.71,True,0.1977,0.3134,0.21,0.2745,0.5661,0.2779,0.0625
2016-07,1310.8,0.038,0.39,240.101,0.87,2173.6,44.65,96.529,-0.48,8.69,21.66,True,0.2231,0.279,0.2215,0.2395,0.6129,0.2587,0.0644
2016-08,1305.02,0.088,0.4,240.545,1.06,2170.95,44.72,95.38,-0.66,-0.44,20.72,True,0.2217,0.2917,0.2211,0.2401,0.5841,0.2761,0.0663
2016-09,1302.33,0.116,0.4,241.176,1.55,2168.27,45.18,95.479,-1.15,-0.21,18.53,True,0.221,0.2988,0.2207,0.244,0.5866,0.3208,0.0663
2016-10,1241.46,0.098,0.4,241.741,1.69,2126.15,49.78,97.714,-1.29,-4.67,12.38,True,0.2063,0.2942,0.2142,0.2832,0.6427,0.3336,0.0663
2016-11,1170.72,0.32,0.41,242.026,1.68,2198.81,45.66,99.768,-1.27,-5.7,11.2,True,0.1892,0.3504,0.2254,0.2481,0.6943,0.3327,0.0682
2016-12,1122.69,0.556,0.54,242.637,2.05,2238.83,51.97,102.041,-1.51,-4.1,7.31,True,0.1776,0.4101,0.2315,0.3019,0.7513,0.3665,0.0928
2017-01,1145.99,0.421,0.65,243.618,2.51,2278.87,52.5,101.202,-1.86,2.08,8.04,True,0.1832,0.3759,0.2377,0.3064,0.7303,0.4086,0.1136
2017-02,1198.04,0.4,0.66,244.006,2.81,2363.64,53.47,100.696,-2.15,4.54,7.33,True,0.1958,0.3706,0.2507,0.3147,0.7176,0.436,0.1155
2017-03,1194.89,0.486,0.79,243.892,2.44,2362.72,49.33,100.76,-1.65,-0.26,-1.13,True,0.1951,0.3924,0.2506,0.2794,0.7192,0.4022,0.1402
2017-04,1243.69,0.391,0.9,244.193,2.18,2384.2,51.06,100.073,-1.28,4.08,2.87,True,0.2068,0.3683,0.2539,0.2941,0.7019,0.3784,0.161
2017-05,1214.18,0.467,0.91,244.004,1.86,2411.8,48.48,98.239,-0.95,-2.37,1.19,True,0.1997,0.3876,0.2582,0.2721,0.6559,0.3492,0.1629
2017-06,1236.78,0.458,1.04,244.163,1.64,2423.41,45.18,96.943,-0.6,1.86,2.55,True,0.2052,0.3853,0.2599,0.244,0.6233,0.3291,0.1875
2017-07,1204.73,0.546,1.15,244.243,1.73,2470.3,46.63,94.916,-0.58,-2.59,-8.09,True,0.1974,0.4075,0.2672,0.2564,0.5724,0.3373,0.2083
2017-08,1251.36,0.433,1.16,245.183,1.93,2471.65,48.04,93.175,-0.77,3.87,-4.11,True,0.2087,0.379,0.2674,0.2684,0.5287,0.3556,0.2102
2017-09,1277.6,0.368,1.15,246.435,2.18,2519.36,49.82,92.34,-1.03,2.1,-1.9,True,0.215,0.3625,0.2747,0.2836,0.5078,0.3784,0.2083
2017-10,1260.51,0.498,1.15,246.626,2.02,2575.26,51.58,93.708,-0.87,-1.34,1.53,True,0.2109,0.3954,0.2833,0.2986,0.5421,0.3638,0.2083
2017-11,1265.49,0.496,1.16,247.284,2.17,2647.58,56.64,93.962,-1.01,0.4,8.1,True,0.2121,0.3949,0.2945,0.3417,0.5485,0.3775,0.2102
2017-12,1236.27,0.503,1.3,247.805,2.13,2673.61,57.88,93.332,-0.83,-2.31,10.12,True,0.2051,0.3967,0.2985,0.3523,0.5327,0.3739,0.2367
2018-01,1302.6,0.54,1.41,248.859,2.15,2823.81,63.7,90.821,-0.74,5.37,13.67,True,0.2211,0.406,0.3216,0.4019,0.4696,0.3757,0.2576
2018-02,1306.99,0.757,1.42,249.529,2.26,2713.83,62.23,89.694,-0.84,0.34,9.09,True,0.2221,0.4609,0.3047,0.3893,0.4413,0.3857,0.2595
2018-03,1302.76,0.752,1.51,249.577,2.33,2640.87,62.73,89.877,-0.82,-0.32,9.03,True,0.2211,0.4597,0.2934,0.3936,0.4459,0.3921,0.2765
2018-04,1310.29,0.741,1.69,250.227,2.47,2648.05,66.25,90.293,-0.78,0.58,5.36,True,0.2229,0.4569,0.2945,0.4236,0.4564,0.4049,0.3106
2018-05,1282.0,0.836,1.7,250.792,2.78,2705.27,69.98,93.337,-1.08,-2.16,5.59,True,0.2161,0.4809,0.3033,0.4554,0.5328,0.4333,0.3125
2018-06,1245.67,0.795,1.82,251.018,2.81,2718.37,67.87,94.372,-0.99,-2.83,0.72,True,0.2073,0.4705,0.3054,0.4374,0.5588,0.436,0.3352
2018-07,1211.48,0.775,1.91,251.214,2.85,2816.29,70.98,94.609,-0.94,-2.74,0.56,True,0.1991,0.4655,0.3204,0.4639,0.5647,0.4397,0.3523
2018-08,1160.19,0.79,1.91,251.663,2.64,2901.52,68.06,95.481,-0.73,-4.23,-7.29,True,0.1867,0.4693,0.3336,0.439,0.5866,0.4205,0.3523
2018-09,1180.68,0.881,1.95,252.182,2.33,2913.98,70.23,94.756,-0.38,1.77,-7.59,True,0.1916,0.4923,0.3355,0.4575,0.5684,0.3921,0.3598
2018-10,1183.24,1.041,2.19,252.772,2.49,2711.74,70.75,95.851,-0.3,0.22,-6.13,True,0.1922,0.5328,0.3043,0.4619,0.5959,0.4068,0.4053
2018-11,1196.19,1.113,2.2,252.594,2.15,2760.17,56.96,96.761,0.05,1.09,-5.48,True,0.1954,0.551,0.3118,0.3444,0.6188,0.3757,0.4072
2018-12,1221.22,1.016,2.27,252.767,2.0,2506.85,49.52,96.868,0.27,2.09,-1.22,True,0.2014,0.5264,0.2728,0.281,0.6215,0.362,0.4205
2019-01,1276.58,0.92,2.4,252.561,1.49,2704.1,51.38,95.967,0.91,4.53,-2.0,True,0.2148,0.5022,0.3032,0.2969,0.5988,0.3154,0.4451
2019-02,1302.53,0.799,2.4,253.319,1.52,2784.49,54.95,96.476,0.88,2.03,-0.34,True,0.2211,0.4715,0.3155,0.3273,0.6116,0.3181,0.4451
2019-03,1281.1,0.658,2.41,254.277,1.88,2834.4,58.15,96.78,0.53,-1.65,-1.66,True,0.2159,0.4359,0.3232,0.3546,0.6192,0.351,0.447
2019-04,1266.25,0.596,2.42,255.233,2.0,2945.83,63.86,97.365,0.42,-1.16,-3.36,True,0.2123,0.4202,0.3404,0.4032,0.6339,0.362,0.4489
2019-05,1266.18,0.569,2.39,255.296,1.8,2752.06,60.83,97.734,0.59,-0.01,-1.23,True,0.2123,0.4134,0.3105,0.3774,0.6432,0.3437,0.4432
2019-06,1306.62,0.374,2.38,255.213,1.67,2941.76,54.66,96.798,0.71,3.19,4.89,True,0.2221,0.364,0.3397,0.3248,0.6197,0.3318,0.4413
2019-07,1381.84,0.306,2.4,255.802,1.83,2980.38,57.35,97.341,0.57,5.76,14.06,True,0.2402,0.3468,0.3457,0.3477,0.6333,0.3464,0.4451
2019-08,1400.65,0.04,2.13,256.036,1.74,2926.46,54.81,98.003,0.39,1.36,20.73,True,0.2448,0.2795,0.3374,0.3261,0.65,0.3382,0.3939
2019-09,1464.42,0.112,2.04,256.43,1.68,2976.74,56.95,98.61,0.36,4.55,24.03,True,0.2602,0.2977,0.3451,0.3443,0.6652,0.3327,0.3769
2019-10,1459.0,0.146,1.83,257.155,1.73,3037.56,53.96,98.171,0.1,-0.37,23.31,True,0.2589,0.3063,0.3545,0.3188,0.6542,0.3373,0.3371
2019-11,1445.61,0.172,1.55,257.879,2.09,3140.98,57.03,98.077,-0.54,-0.92,20.85,True,0.2556,0.3129,0.3704,0.345,0.6518,0.3702,0.2841
2019-12,1453.91,0.145,1.55,258.63,2.32,3230.78,59.88,97.378,-0.77,0.57,19.05,True,0.2576,0.3061,0.3842,0.3693,0.6343,0.3912,0.2841
2020-01,1517.12,0.037,1.55,259.127,2.6,3225.52,57.52,97.4,-1.05,4.35,18.84,True,0.2729,0.2788,0.3834,0.3492,0.6348,0.4168,0.2841
2020-02,1547.4,-0.112,1.58,259.25,2.34,2954.22,50.54,98.864,-0.76,2.0,18.8,True,0.2802,0.2411,0.3417,0.2897,0.6716,0.3931,0.2898
2020-03,1451.5,-0.117,0.65,258.076,1.49,2584.59,29.21,98.843,-0.84,-6.2,13.3,True,0.2571,0.2398,0.2848,0.1079,0.671,0.3154,0.1136
2020-04,1566.97,-0.446,0.05,256.032,0.31,2912.43,16.55,99.89,-0.26,7.96,23.75,True,0.285,0.1566,0.3352,0.0,0.6973,0.2075,0.0
2020-05,1670.06,-0.442,0.05,255.802,0.2,3044.31,28.56,99.581,-0.15,6.58,31.9,True,0.3099,0.1576,0.3555,0.1024,0.6896,0.1974,0.0
2020-06,1670.74,-0.545,0.08,257.042,0.72,3100.29,38.31,97.084,-0.64,0.04,27.87,True,0.31,0.1315,0.3642,0.1855,0.6269,0.245,0.0057
2020-07,1757.68,-0.833,0.09,258.352,1.0,3271.12,40.71,95.583,-0.91,5.2,27.2,True,0.331,0.0587,0.3905,0.2059,0.5892,0.2706,0.0076
2020-08,1864.3,-1.011,0.1,259.316,1.28,3500.31,42.34,93.047,-1.18,6.07,33.1,True,0.3568,0.0137,0.4257,0.2198,0.5255,0.2962,0.0095
2020-09,1848.45,-0.977,0.09,259.997,1.39,3363.0,39.63,93.41,-1.3,-0.85,26.22,True,0.353,0.0223,0.4046,0.1967,0.5346,0.3062,0.0076
2020-10,1859.67,-0.917,0.09,260.319,1.23,3269.96,39.4,93.399,-1.14,0.61,27.46,True,0.3557,0.0374,0.3903,0.1947,0.5344,0.2916,0.0076
2020-11,1764.69,-0.842,0.09,260.911,1.18,3621.63,40.94,92.595,-1.09,-5.11,22.07,True,0.3327,0.0564,0.4444,0.2079,0.5142,0.287,0.0076
2020-12,1775.52,-0.982,0.09,262.045,1.32,3756.07,47.02,90.506,-1.23,0.61,22.12,True,0.3353,0.021,0.4651,0.2597,0.4617,0.2998,0.0076
2021-01,1810.46,-1.001,0.09,262.687,1.37,3714.24,52.0,90.237,-1.28,1.97,19.34,True,0.3438,0.0162,0.4587,0.3021,0.455,0.3044,0.0076
2021-02,1717.26,-0.922,0.08,263.579,1.67,3811.15,59.04,90.641,-1.59,-5.15,10.98,True,0.3213,0.0362,0.4736,0.3621,0.4651,0.3318,0.0057
2021-03,1676.7,-0.664,0.07,264.961,2.67,3972.89,62.33,91.994,-2.6,-2.36,15.51,True,0.3115,0.1014,0.4985,0.3902,0.4991,0.4232,0.0038
2021-04,1705.42,-0.715,0.07,266.614,4.13,4181.17,61.72,91.653,-4.06,1.71,8.84,True,0.3184,0.0885,0.5306,0.385,0.4905,0.5567,0.0038
2021-05,1765.91,-0.847,0.06,268.383,4.92,4204.11,65.17,90.301,-4.86,3.55,5.74,True,0.333,0.0551,0.5341,0.4144,0.4566,0.6289,0.0019
2021-06,1750.11,-0.824,0.08,270.654,5.3,4297.5,71.38,91.044,-5.22,-0.89,4.75,True,0.3292,0.061,0.5485,0.4673,0.4752,0.6636,0.0057
2021-07,1765.47,-1.009,0.1,271.903,5.25,4395.26,72.49,92.513,-5.15,0.88,0.44,True,0.3329,0.0142,0.5635,0.4768,0.5121,0.659,0.0095
2021-08,1684.77,-1.065,0.09,272.676,5.15,4522.68,67.73,92.8,-5.06,-4.57,-9.63,True,0.3134,0.0,0.5832,0.4362,0.5193,0.6499,0.0076
2021-09,1721.07,-0.97,0.08,273.91,5.35,4307.54,71.65,92.953,-5.27,2.15,-6.89,True,0.3222,0.024,0.55,0.4696,0.5232,0.6682,0.0057
2021-10,1745.45,-0.952,0.08,276.55,6.24,4605.38,81.48,93.945,-6.16,1.42,-6.14,True,0.3281,0.0286,0.5959,0.5534,0.5481,0.7495,0.0057
2021-11,1758.45,-1.056,0.08,278.919,6.9,4567.0,79.15,95.341,-6.82,0.74,-0.35,True,0.3312,0.0023,0.59,0.5335,0.5831,0.8099,0.0057
2021-12,1753.84,-0.993,0.08,280.845,7.17,4766.18,71.71,96.208,-7.09,-0.26,-1.22,True,0.3301,0.0182,0.6206,0.4701,0.6049,0.8346,0.0057
2022-01,1779.88,-0.686,0.08,282.543,7.56,4515.55,83.22,95.922,-7.48,1.48,-1.69,True,0.3364,0.0959,0.5821,0.5682,0.5977,0.8702,0.0057
2022-02,1788.39,-0.524,0.08,284.5,7.94,4373.94,91.64,96.001,-7.86,0.48,4.14,True,0.3385,0.1369,0.5603,0.64,0.5997,0.9049,0.0057
2022-03,1890.03,-0.719,0.2,287.674,8.57,4530.41,108.5,98.473,-8.37,5.68,12.72,True,0.363,0.0875,0.5843,0.7837,0.6618,0.9625,0.0284
2022-04,1872.19,-0.136,0.33,288.561,8.23,4131.93,101.78,100.69,-7.9,-0.94,9.78,True,0.3587,0.235,0.523,0.7264,0.7174,0.9314,0.053
2022-05,1786.95,0.21,0.77,291.298,8.54,4132.15,109.55,103.099,-7.77,-4.55,1.19,True,0.3381,0.3225,0.523,0.7926,0.7779,0.9598,0.1364
2022-06,1802.2,0.526,1.21,294.957,8.98,3785.38,114.84,103.882,-7.77,0.85,2.98,True,0.3418,0.4025,0.4696,0.8377,0.7976,1.0,0.2197
2022-07,1680.78,0.534,1.68,294.913,8.46,4130.29,101.62,106.945,-6.78,-6.74,-4.8,True,0.3125,0.4045,0.5227,0.725,0.8745,0.9525,0.3087
2022-08,1709.1,0.39,2.33,295.097,8.22,3955.0,93.67,107.149,-5.89,1.68,1.44,True,0.3193,0.3681,0.4957,0.6573,0.8796,0.9305,0.4318
2022-09,1614.35,1.137,2.56,296.349,8.19,3585.62,84.26,110.701,-5.63,-5.54,-6.2,True,0.2964,0.557,0.4389,0.5771,0.9688,0.9278,0.4754
2022-10,1617.21,1.59,3.08,298.007,7.76,3871.98,87.55,111.945,-4.68,0.18,-7.35,True,0.2971,0.6716,0.483,0.6051,1.0,0.8885,0.5739
2022-11,1616.18,1.52,3.78,298.786,7.12,4080.11,84.37,108.035,-3.34,-0.06,-8.09,True,0.2968,0.6539,0.515,0.578,0.9018,0.83,0.7064
2022-12,1765.32,1.357,4.1,298.832,6.4,3839.5,76.44,104.502,-2.3,9.23,0.65,True,0.3329,0.6127,0.478,0.5104,0.8131,0.7642,0.767
2023-01,1823.85,1.294,4.33,300.42,6.33,4076.6,78.12,102.691,-2.0,3.32,2.47,True,0.347,0.5968,0.5145,0.5248,0.7677,0.7578,0.8106
2023-02,1804.65,1.413,4.57,301.45,5.96,3970.15,76.83,103.67,-1.39,-1.05,0.91,True,0.3424,0.6269,0.4981,0.5138,0.7922,0.7239,0.8561
2023-03,1809.4,1.361,4.65,301.821,4.92,4109.31,73.28,103.767,-0.27,0.26,-4.27,True,0.3435,0.6137,0.5195,0.4835,0.7947,0.6289,0.8712
2023-04,1949.82,1.194,4.83,302.845,4.95,4169.48,79.45,101.965,-0.12,7.76,4.15,True,0.3775,0.5715,0.5288,0.5361,0.7494,0.6316,0.9053
2023-05,1932.08,1.36,5.06,303.334,4.13,4179.83,71.58,,0.93,-0.91,8.12,True,0.3732,0.6135,0.5304,0.469,,0.5567,0.9489
2023-06,1893.01,1.548,5.08,304.014,3.07,4450.38,70.25,,2.01,-2.02,5.04,True,0.3637,0.661,0.572,0.4577,,0.4598,0.9527
2023-07,1902.68,1.603,5.12,304.609,3.29,4588.96,76.07,,1.83,0.51,13.2,True,0.3661,0.6749,0.5934,0.5073,,0.4799,0.9602
2023-08,1884.35,1.833,5.33,306.082,3.72,4507.66,81.39,,1.61,-0.96,10.25,True,0.3616,0.7331,0.5808,0.5526,,0.5192,1.0
2023-09,1846.34,2.037,5.33,307.276,3.69,4288.05,89.43,,1.64,-2.02,14.37,True,0.3525,0.7847,0.547,0.6212,,0.5165,1.0
2023-10,1810.1,2.412,5.33,307.696,3.25,4193.8,85.64,,2.08,-1.96,11.93,True,0.3437,0.8796,0.5325,0.5889,,0.4762,1.0
2023-11,1931.73,2.199,5.33,308.148,3.13,4567.8,77.69,,2.2,6.72,19.52,True,0.3731,0.8257,0.5901,0.5211,,0.4653,1.0
2023-12,1973.09,1.836,5.33,308.741,3.32,4769.83,71.9,,2.01,2.14,11.77,True,0.3831,0.7339,0.6212,0.4717,,0.4826,1.0
2024-01,2001.91,1.792,5.33,309.698,3.09,4845.65,74.15,,2.24,1.46,9.76,True,0.39,0.7227,0.6329,0.4909,,0.4616,1.0
2024-02,1984.3,1.925,5.33,310.967,3.16,5096.27,77.25,,2.17,-0.88,9.95,True,0.3858,0.7564,0.6715,0.5173,,0.468,1.0
2024-03,2038.55,1.897,5.33,312.345,3.49,5254.35,81.28,,1.84,2.73,12.66,True,0.3989,0.7493,0.6958,0.5517,,0.4982,1.0
2024-04,2228.54,2.145,5.33,313.023,3.36,5035.69,85.35,,1.97,9.32,14.29,True,0.4448,0.812,0.6621,0.5864,,0.4863,1.0
2024-05,2277.47,2.148,5.33,313.175,3.24,5277.51,80.02,,2.09,2.2,17.88,True,0.4566,0.8128,0.6994,0.541,,0.4753,1.0
2024-06,2286.77,2.05,5.33,313.044,2.97,5460.48,79.77,,2.36,0.41,20.8,True,0.4589,0.788,0.7275,0.5388,,0.4506,1.0
2024-07,2318.55,1.974,5.33,313.569,2.94,5522.3,81.8,,2.39,1.39,21.86,True,0.4666,0.7688,0.7371,0.5561,,0.4479,1.0
2024-08,2364.4,1.761,5.33,314.062,2.61,5648.4,76.68,,2.72,1.98,25.48,True,0.4776,0.7149,0.7565,0.5125,,0.4177,1.0
2024-09,2471.95,1.616,5.13,314.732,2.43,5762.48,70.24,,2.7,4.55,33.88,True,0.5036,0.6782,0.774,0.4576,,0.4013,0.9621
2024-10,2604.15,1.81,4.83,315.631,2.58,5705.45,71.99,,2.25,5.35,43.87,True,0.5356,0.7273,0.7653,0.4725,,0.415,0.9053
2024-11,2536.9,2.035,4.64,316.528,2.72,6032.38,69.95,,1.92,-2.58,31.33,True,0.5193,0.7842,0.8156,0.4551,,0.4278,0.8693
2024-12,2583.49,2.088,4.48,317.604,2.87,5881.63,70.12,,1.61,1.84,30.94,True,0.5306,0.7976,0.7924,0.4566,,0.4415,0.839
2025-01,2614.6,2.229,4.33,318.961,2.99,6040.53,75.74,,1.34,1.2,30.61,True,0.5381,0.8333,0.8168,0.5045,,0.4525,0.8106
2025-02,2771.69,2.027,4.33,319.679,2.8,5954.5,71.53,,1.53,6.01,39.68,True,0.576,0.7822,0.8036,0.4686,,0.4351,0.8106
2025-03,2855.63,1.946,4.33,319.785,2.38,5611.85,68.24,,1.95,3.03,40.08,True,0.5963,0.7617,0.7508,0.4406,,0.3967,0.8106
2025-04,2956.6,2.038,4.33,320.302,2.33,5569.06,63.54,,2.0,3.54,32.67,True,0.6207,0.785,0.7443,0.4005,,0.3921,0.8106
2025-05,3120.52,2.11,4.33,320.62,2.38,5911.69,62.17,,1.95,5.54,37.02,True,0.6603,0.8032,0.797,0.3888,,0.3967,0.8106
2025-06,3247.86,2.086,4.33,321.435,2.68,6204.95,68.17,,1.65,4.08,42.03,True,0.6911,0.7971,0.8422,0.44,,0.4241,0.8106
2025-07,3268.15,2.008,4.33,322.169,2.74,6339.39,68.39,,1.59,0.62,40.96,True,0.696,0.7774,0.8629,0.4418,,0.4296,0.8106
2025-08,3281.55,1.883,4.33,323.291,2.94,6460.26,64.86,,1.39,0.41,38.79,True,0.6992,0.7458,0.8815,0.4117,,0.4479,0.8106
2025-09,3436.8,1.749,4.22,324.245,3.02,6688.46,63.96,,1.2,4.73,39.03,True,0.7367,0.7119,0.9166,0.4041,,0.4552,0.7898
2025-10,3819.51,1.757,4.09,,2.73,6840.2,60.89,,1.36,11.14,46.67,True,0.8292,0.7139,0.94,0.3779,,0.4287,0.7652
2025-11,3928.66,1.828,3.88,325.063,2.7,6849.09,60.06,,1.18,2.86,54.86,True,0.8556,0.7318,0.9413,0.3708,,0.426,0.7254
2025-12,4163.01,1.899,3.72,326.031,2.65,6845.5,57.97,,1.07,5.97,61.14,True,0.9122,0.7498,0.9408,0.353,,0.4214,0.6951
2026-01,4310.01,1.907,3.64,326.588,2.39,6939.03,60.04,,1.25,3.53,64.84,False,0.9477,0.7518,0.9552,0.3707,,0.3976,0.6799
2026-02,4404.12,1.825,3.64,327.46,2.43,6878.88,64.51,,1.21,2.18,58.9,False,0.9705,0.7311,0.9459,0.4088,,0.4013,0.6799
2026-03,4098.87,1.909,3.64,330.293,3.29,6528.52,91.38,,0.35,-6.93,43.54,False,0.8967,0.7523,0.892,0.6378,,0.4799,0.6799
2026-04,4509.96,1.937,3.64,,,7209.01,,,,10.03,52.54,False,0.996,0.7594,0.9967,,,,0.6799
2026-05,4526.34,,,,,7230.12,,,,0.36,45.05,False,1.0,,1.0,,,,
